{
	"AUTOGEN_COMMAND_LINE_LENGTH_MAX" : 32000,
	"BUILD_DIR" : "C:/Users/adamj/OneDrive/Documents/QtProjects/CodeWizard/build/Desktop_Qt_6_7_1_MSVC2019_64bit-Release/extern/tree-sitter/tree-sitter_autogen",
	"CMAKE_BINARY_DIR" : "C:/Users/adamj/OneDrive/Documents/QtProjects/CodeWizard/build/Desktop_Qt_6_7_1_MSVC2019_64bit-Release",
	"CMAKE_CURRENT_BINARY_DIR" : "C:/Users/adamj/OneDrive/Documents/QtProjects/CodeWizard/build/Desktop_Qt_6_7_1_MSVC2019_64bit-Release/extern/tree-sitter",
	"CMAKE_CURRENT_SOURCE_DIR" : "C:/Users/adamj/OneDrive/Documents/QtProjects/CodeWizard/extern/tree-sitter",
	"CMAKE_EXECUTABLE" : "C:/Qt/Tools/CMake_64/bin/cmake.exe",
	"CMAKE_LIST_FILES" : 
	[
		"C:/Users/adamj/OneDrive/Documents/QtProjects/CodeWizard/extern/tree-sitter/CMakeLists.txt",
		"C:/Users/adamj/OneDrive/Documents/QtProjects/CodeWizard/build/Desktop_Qt_6_7_1_MSVC2019_64bit-Release/.qtc/package-manager/auto-setup.cmake"
	],
	"CMAKE_SOURCE_DIR" : "C:/Users/adamj/OneDrive/Documents/QtProjects/CodeWizard",
	"CROSS_CONFIG" : false,
	"DEP_FILE" : "C:/Users/adamj/OneDrive/Documents/QtProjects/CodeWizard/build/Desktop_Qt_6_7_1_MSVC2019_64bit-Release/extern/tree-sitter/tree-sitter_autogen/deps",
	"DEP_FILE_RULE_NAME" : "tree-sitter_autogen/timestamp",
	"HEADERS" : 
	[
		[
			"C:/Users/adamj/OneDrive/Documents/QtProjects/CodeWizard/extern/tree-sitter/lib/src/language.h",
			"MU",
			"YW4GYNESC6/moc_language.cpp",
			null
		],
		[
			"C:/Users/adamj/OneDrive/Documents/QtProjects/CodeWizard/extern/tree-sitter/lib/src/lexer.h",
			"MU",
			"YW4GYNESC6/moc_lexer.cpp",
			null
		],
		[
			"C:/Users/adamj/OneDrive/Documents/QtProjects/CodeWizard/extern/tree-sitter/lib/src/stack.h",
			"MU",
			"YW4GYNESC6/moc_stack.cpp",
			null
		],
		[
			"C:/Users/adamj/OneDrive/Documents/QtProjects/CodeWizard/extern/tree-sitter/lib/src/subtree.h",
			"MU",
			"YW4GYNESC6/moc_subtree.cpp",
			null
		],
		[
			"C:/Users/adamj/OneDrive/Documents/QtProjects/CodeWizard/extern/tree-sitter/lib/src/tree.h",
			"MU",
			"YW4GYNESC6/moc_tree.cpp",
			null
		]
	],
	"HEADER_EXTENSIONS" : [ "h", "hh", "h++", "hm", "hpp", "hxx", "in", "txx" ],
	"INCLUDE_DIR" : "C:/Users/adamj/OneDrive/Documents/QtProjects/CodeWizard/build/Desktop_Qt_6_7_1_MSVC2019_64bit-Release/extern/tree-sitter/tree-sitter_autogen/include",
	"MOC_COMPILATION_FILE" : "C:/Users/adamj/OneDrive/Documents/QtProjects/CodeWizard/build/Desktop_Qt_6_7_1_MSVC2019_64bit-Release/extern/tree-sitter/tree-sitter_autogen/mocs_compilation.cpp",
	"MOC_DEFINITIONS" : [ "TREE_SITTER_INTERNAL_BUILD", "TREE_SITTER_STATIC", "WIN32" ],
	"MOC_DEPEND_FILTERS" : 
	[
		[
			"Q_PLUGIN_METADATA",
			"[\n][ \t]*Q_PLUGIN_METADATA[ \t]*\\([^\\)]*FILE[ \t]*\"([^\"]+)\""
		]
	],
	"MOC_INCLUDES" : 
	[
		"C:/Users/adamj/OneDrive/Documents/QtProjects/CodeWizard/extern/tree-sitter/lib/include",
		"C:/Users/adamj/OneDrive/Documents/QtProjects/CodeWizard/extern/tree-sitter/lib/src"
	],
	"MOC_MACRO_NAMES" : 
	[
		"Q_OBJECT",
		"Q_GADGET",
		"Q_NAMESPACE",
		"Q_NAMESPACE_EXPORT",
		"Q_GADGET_EXPORT",
		"Q_ENUM_NS"
	],
	"MOC_OPTIONS" : [],
	"MOC_PATH_PREFIX" : false,
	"MOC_PREDEFS_CMD" : [],
	"MOC_PREDEFS_FILE" : "",
	"MOC_RELAXED_MODE" : false,
	"MOC_SKIP" : [],
	"MULTI_CONFIG" : false,
	"PARALLEL" : 12,
	"PARSE_CACHE_FILE" : "C:/Users/adamj/OneDrive/Documents/QtProjects/CodeWizard/build/Desktop_Qt_6_7_1_MSVC2019_64bit-Release/extern/tree-sitter/CMakeFiles/tree-sitter_autogen.dir/ParseCache.txt",
	"QT_MOC_EXECUTABLE" : "C:/Qt/6.7.1/msvc2019_64/./bin/moc.exe",
	"QT_UIC_EXECUTABLE" : "C:/Qt/6.7.1/msvc2019_64/./bin/uic.exe",
	"QT_VERSION_MAJOR" : 6,
	"QT_VERSION_MINOR" : 7,
	"SETTINGS_FILE" : "C:/Users/adamj/OneDrive/Documents/QtProjects/CodeWizard/build/Desktop_Qt_6_7_1_MSVC2019_64bit-Release/extern/tree-sitter/CMakeFiles/tree-sitter_autogen.dir/AutogenUsed.txt",
	"SOURCES" : 
	[
		[
			"C:/Users/adamj/OneDrive/Documents/QtProjects/CodeWizard/extern/tree-sitter/lib/src/language.c",
			"MU",
			null
		],
		[
			"C:/Users/adamj/OneDrive/Documents/QtProjects/CodeWizard/extern/tree-sitter/lib/src/lexer.c",
			"MU",
			null
		],
		[
			"C:/Users/adamj/OneDrive/Documents/QtProjects/CodeWizard/extern/tree-sitter/lib/src/lib.c",
			"MU",
			null
		],
		[
			"C:/Users/adamj/OneDrive/Documents/QtProjects/CodeWizard/extern/tree-sitter/lib/src/node.c",
			"MU",
			null
		],
		[
			"C:/Users/adamj/OneDrive/Documents/QtProjects/CodeWizard/extern/tree-sitter/lib/src/query.c",
			"MU",
			null
		],
		[
			"C:/Users/adamj/OneDrive/Documents/QtProjects/CodeWizard/extern/tree-sitter/lib/src/stack.c",
			"MU",
			null
		],
		[
			"C:/Users/adamj/OneDrive/Documents/QtProjects/CodeWizard/extern/tree-sitter/lib/src/subtree.c",
			"MU",
			null
		],
		[
			"C:/Users/adamj/OneDrive/Documents/QtProjects/CodeWizard/extern/tree-sitter/lib/src/tree.c",
			"MU",
			null
		]
	],
	"UIC_OPTIONS" : [],
	"UIC_SEARCH_PATHS" : [],
	"UIC_SKIP" : [],
	"UIC_UI_FILES" : [],
	"USE_BETTER_GRAPH" : false,
	"VERBOSITY" : 0
}
