{
	"AUTOGEN_COMMAND_LINE_LENGTH_MAX" : 32000,
	"BUILD_DIR" : "C:/Users/adamj/OneDrive/Documents/QtProjects/CodeWizard/build/Desktop_Qt_6_7_1_MSVC2019_64bit-Release/CodeWizard_autogen",
	"CMAKE_BINARY_DIR" : "C:/Users/adamj/OneDrive/Documents/QtProjects/CodeWizard/build/Desktop_Qt_6_7_1_MSVC2019_64bit-Release",
	"CMAKE_CURRENT_BINARY_DIR" : "C:/Users/adamj/OneDrive/Documents/QtProjects/CodeWizard/build/Desktop_Qt_6_7_1_MSVC2019_64bit-Release",
	"CMAKE_CURRENT_SOURCE_DIR" : "C:/Users/adamj/OneDrive/Documents/QtProjects/CodeWizard",
	"CMAKE_EXECUTABLE" : "C:/Qt/Tools/CMake_64/bin/cmake.exe",
	"CMAKE_LIST_FILES" : 
	[
		"C:/Users/adamj/OneDrive/Documents/QtProjects/CodeWizard/CMakeLists.txt",
		"C:/Users/adamj/OneDrive/Documents/QtProjects/CodeWizard/build/Desktop_Qt_6_7_1_MSVC2019_64bit-Release/.qtc/package-manager/auto-setup.cmake",
		"C:/Users/adamj/OneDrive/Documents/QtProjects/CodeWizard/build/Desktop_Qt_6_7_1_MSVC2019_64bit-Release/CMakeFiles/3.29.3/CMakeSystem.cmake",
		"C:/Qt/Tools/CMake_64/share/cmake-3.29/Modules/CMakeSystemSpecificInitialize.cmake",
		"C:/Qt/Tools/CMake_64/share/cmake-3.29/Modules/Platform/Windows-Initialize.cmake",
		"C:/Users/adamj/OneDrive/Documents/QtProjects/CodeWizard/build/Desktop_Qt_6_7_1_MSVC2019_64bit-Release/CMakeFiles/3.29.3/CMakeCCompiler.cmake",
		"C:/Users/adamj/OneDrive/Documents/QtProjects/CodeWizard/build/Desktop_Qt_6_7_1_MSVC2019_64bit-Release/CMakeFiles/3.29.3/CMakeCXXCompiler.cmake",
		"C:/Qt/Tools/CMake_64/share/cmake-3.29/Modules/CMakeSystemSpecificInformation.cmake",
		"C:/Qt/Tools/CMake_64/share/cmake-3.29/Modules/CMakeGenericSystem.cmake",
		"C:/Qt/Tools/CMake_64/share/cmake-3.29/Modules/CMakeInitializeConfigs.cmake",
		"C:/Qt/Tools/CMake_64/share/cmake-3.29/Modules/Platform/Windows.cmake",
		"C:/Qt/Tools/CMake_64/share/cmake-3.29/Modules/Platform/WindowsPaths.cmake",
		"C:/Qt/Tools/CMake_64/share/cmake-3.29/Modules/CMakeCInformation.cmake",
		"C:/Qt/Tools/CMake_64/share/cmake-3.29/Modules/CMakeLanguageInformation.cmake",
		"C:/Qt/Tools/CMake_64/share/cmake-3.29/Modules/Compiler/MSVC-C.cmake",
		"C:/Qt/Tools/CMake_64/share/cmake-3.29/Modules/Compiler/MSVC.cmake",
		"C:/Qt/Tools/CMake_64/share/cmake-3.29/Modules/Compiler/CMakeCommonCompilerMacros.cmake",
		"C:/Qt/Tools/CMake_64/share/cmake-3.29/Modules/Platform/Windows-MSVC-C.cmake",
		"C:/Qt/Tools/CMake_64/share/cmake-3.29/Modules/Platform/Windows-MSVC.cmake",
		"C:/Users/adamj/OneDrive/Documents/QtProjects/CodeWizard/build/Desktop_Qt_6_7_1_MSVC2019_64bit-Release/CMakeFiles/3.29.3/CMakeRCCompiler.cmake",
		"C:/Qt/Tools/CMake_64/share/cmake-3.29/Modules/CMakeRCInformation.cmake",
		"C:/Qt/Tools/CMake_64/share/cmake-3.29/Modules/CMakeCommonLanguageInclude.cmake",
		"C:/Qt/Tools/CMake_64/share/cmake-3.29/Modules/CMakeCXXInformation.cmake",
		"C:/Qt/Tools/CMake_64/share/cmake-3.29/Modules/CMakeLanguageInformation.cmake",
		"C:/Qt/Tools/CMake_64/share/cmake-3.29/Modules/Compiler/MSVC-CXX.cmake",
		"C:/Qt/Tools/CMake_64/share/cmake-3.29/Modules/Compiler/MSVC.cmake",
		"C:/Qt/Tools/CMake_64/share/cmake-3.29/Modules/Compiler/CMakeCommonCompilerMacros.cmake",
		"C:/Qt/Tools/CMake_64/share/cmake-3.29/Modules/Platform/Windows-MSVC-CXX.cmake",
		"C:/Qt/Tools/CMake_64/share/cmake-3.29/Modules/Platform/Windows-MSVC.cmake",
		"C:/Qt/Tools/CMake_64/share/cmake-3.29/Modules/CMakeCommonLanguageInclude.cmake",
		"C:/Users/adamj/OneDrive/Documents/QtProjects/CodeWizard/build/Desktop_Qt_6_7_1_MSVC2019_64bit-Release/.qtc/package-manager/auto-setup.cmake",
		"C:/Qt/6.7.1/msvc2019_64/lib/cmake/Qt6/Qt6ConfigVersion.cmake",
		"C:/Qt/6.7.1/msvc2019_64/lib/cmake/Qt6/Qt6ConfigVersionImpl.cmake",
		"C:/Qt/6.7.1/msvc2019_64/lib/cmake/Qt6/Qt6Config.cmake",
		"C:/Qt/6.7.1/msvc2019_64/lib/cmake/Qt6/Qt6ConfigExtras.cmake",
		"C:/Qt/6.7.1/msvc2019_64/lib/cmake/Qt6/QtPublicCMakeVersionHelpers.cmake",
		"C:/Qt/6.7.1/msvc2019_64/lib/cmake/Qt6/Qt6Targets.cmake",
		"C:/Qt/6.7.1/msvc2019_64/lib/cmake/Qt6/Qt6VersionlessTargets.cmake",
		"C:/Qt/6.7.1/msvc2019_64/lib/cmake/Qt6/QtFeature.cmake",
		"C:/Qt/Tools/CMake_64/share/cmake-3.29/Modules/CheckCXXCompilerFlag.cmake",
		"C:/Qt/Tools/CMake_64/share/cmake-3.29/Modules/Internal/CheckCompilerFlag.cmake",
		"C:/Qt/Tools/CMake_64/share/cmake-3.29/Modules/Internal/CheckFlagCommonConfig.cmake",
		"C:/Qt/Tools/CMake_64/share/cmake-3.29/Modules/Internal/CheckSourceCompiles.cmake",
		"C:/Qt/Tools/CMake_64/share/cmake-3.29/Modules/CMakeCheckCompilerFlagCommonPatterns.cmake",
		"C:/Qt/Tools/CMake_64/share/cmake-3.29/Modules/CheckCXXSourceCompiles.cmake",
		"C:/Qt/Tools/CMake_64/share/cmake-3.29/Modules/Internal/CheckSourceCompiles.cmake",
		"C:/Qt/6.7.1/msvc2019_64/lib/cmake/Qt6/QtFeatureCommon.cmake",
		"C:/Qt/6.7.1/msvc2019_64/lib/cmake/Qt6/QtPublicAppleHelpers.cmake",
		"C:/Qt/6.7.1/msvc2019_64/lib/cmake/Qt6/QtPublicCMakeHelpers.cmake",
		"C:/Qt/6.7.1/msvc2019_64/lib/cmake/Qt6/QtPublicCMakeVersionHelpers.cmake",
		"C:/Qt/6.7.1/msvc2019_64/lib/cmake/Qt6/QtPublicDependencyHelpers.cmake",
		"C:/Qt/6.7.1/msvc2019_64/lib/cmake/Qt6/QtPublicExternalProjectHelpers.cmake",
		"C:/Qt/6.7.1/msvc2019_64/lib/cmake/Qt6/QtPublicFinalizerHelpers.cmake",
		"C:/Qt/6.7.1/msvc2019_64/lib/cmake/Qt6/QtPublicFindPackageHelpers.cmake",
		"C:/Qt/6.7.1/msvc2019_64/lib/cmake/Qt6/QtPublicPluginHelpers.cmake",
		"C:/Qt/6.7.1/msvc2019_64/lib/cmake/Qt6/QtPublicTargetHelpers.cmake",
		"C:/Qt/6.7.1/msvc2019_64/lib/cmake/Qt6/QtPublicTestHelpers.cmake",
		"C:/Qt/6.7.1/msvc2019_64/lib/cmake/Qt6/QtPublicToolHelpers.cmake",
		"C:/Qt/6.7.1/msvc2019_64/lib/cmake/Qt6/QtPublicWalkLibsHelpers.cmake",
		"C:/Qt/Tools/CMake_64/share/cmake-3.29/Modules/CMakeFindDependencyMacro.cmake",
		"C:/Qt/6.7.1/msvc2019_64/lib/cmake/Qt6/Qt6Dependencies.cmake",
		"C:/Qt/Tools/CMake_64/share/cmake-3.29/Modules/FindThreads.cmake",
		"C:/Qt/Tools/CMake_64/share/cmake-3.29/Modules/CheckLibraryExists.cmake",
		"C:/Qt/Tools/CMake_64/share/cmake-3.29/Modules/CheckIncludeFile.cmake",
		"C:/Qt/Tools/CMake_64/share/cmake-3.29/Modules/CheckCSourceCompiles.cmake",
		"C:/Qt/Tools/CMake_64/share/cmake-3.29/Modules/Internal/CheckSourceCompiles.cmake",
		"C:/Qt/Tools/CMake_64/share/cmake-3.29/Modules/FindPackageHandleStandardArgs.cmake",
		"C:/Qt/Tools/CMake_64/share/cmake-3.29/Modules/FindPackageMessage.cmake",
		"C:/Qt/6.7.1/msvc2019_64/lib/cmake/Qt6/Qt6ConfigVersion.cmake",
		"C:/Qt/6.7.1/msvc2019_64/lib/cmake/Qt6/Qt6ConfigVersionImpl.cmake",
		"C:/Qt/6.7.1/msvc2019_64/lib/cmake/Qt6/Qt6Config.cmake",
		"C:/Qt/6.7.1/msvc2019_64/lib/cmake/Qt6/Qt6ConfigExtras.cmake",
		"C:/Qt/6.7.1/msvc2019_64/lib/cmake/Qt6/QtPublicCMakeVersionHelpers.cmake",
		"C:/Qt/6.7.1/msvc2019_64/lib/cmake/Qt6/Qt6Targets.cmake",
		"C:/Qt/6.7.1/msvc2019_64/lib/cmake/Qt6/Qt6VersionlessTargets.cmake",
		"C:/Qt/6.7.1/msvc2019_64/lib/cmake/Qt6/QtFeature.cmake",
		"C:/Qt/Tools/CMake_64/share/cmake-3.29/Modules/CheckCXXCompilerFlag.cmake",
		"C:/Qt/6.7.1/msvc2019_64/lib/cmake/Qt6/QtFeatureCommon.cmake",
		"C:/Qt/6.7.1/msvc2019_64/lib/cmake/Qt6/QtPublicAppleHelpers.cmake",
		"C:/Qt/6.7.1/msvc2019_64/lib/cmake/Qt6/QtPublicCMakeHelpers.cmake",
		"C:/Qt/6.7.1/msvc2019_64/lib/cmake/Qt6/QtPublicCMakeVersionHelpers.cmake",
		"C:/Qt/6.7.1/msvc2019_64/lib/cmake/Qt6/QtPublicDependencyHelpers.cmake",
		"C:/Qt/6.7.1/msvc2019_64/lib/cmake/Qt6/QtPublicExternalProjectHelpers.cmake",
		"C:/Qt/6.7.1/msvc2019_64/lib/cmake/Qt6/QtPublicFinalizerHelpers.cmake",
		"C:/Qt/6.7.1/msvc2019_64/lib/cmake/Qt6/QtPublicFindPackageHelpers.cmake",
		"C:/Qt/6.7.1/msvc2019_64/lib/cmake/Qt6/QtPublicPluginHelpers.cmake",
		"C:/Qt/6.7.1/msvc2019_64/lib/cmake/Qt6/QtPublicTargetHelpers.cmake",
		"C:/Qt/6.7.1/msvc2019_64/lib/cmake/Qt6/QtPublicTestHelpers.cmake",
		"C:/Qt/6.7.1/msvc2019_64/lib/cmake/Qt6/QtPublicToolHelpers.cmake",
		"C:/Qt/6.7.1/msvc2019_64/lib/cmake/Qt6/QtPublicWalkLibsHelpers.cmake",
		"C:/Qt/Tools/CMake_64/share/cmake-3.29/Modules/CMakeFindDependencyMacro.cmake",
		"C:/Qt/6.7.1/msvc2019_64/lib/cmake/Qt6/Qt6Dependencies.cmake",
		"C:/Qt/6.7.1/msvc2019_64/lib/cmake/Qt6Core/Qt6CoreConfigVersion.cmake",
		"C:/Qt/6.7.1/msvc2019_64/lib/cmake/Qt6Core/Qt6CoreConfigVersionImpl.cmake",
		"C:/Qt/6.7.1/msvc2019_64/lib/cmake/Qt6Core/Qt6CoreConfig.cmake",
		"C:/Qt/Tools/CMake_64/share/cmake-3.29/Modules/CMakeFindDependencyMacro.cmake",
		"C:/Qt/6.7.1/msvc2019_64/lib/cmake/Qt6Core/Qt6CoreDependencies.cmake",
		"C:/Qt/6.7.1/msvc2019_64/lib/cmake/Qt6/FindWrapAtomic.cmake",
		"C:/Qt/Tools/CMake_64/share/cmake-3.29/Modules/CheckCXXSourceCompiles.cmake",
		"C:/Qt/Tools/CMake_64/share/cmake-3.29/Modules/FindPackageHandleStandardArgs.cmake",
		"C:/Qt/Tools/CMake_64/share/cmake-3.29/Modules/FindPackageMessage.cmake",
		"C:/Qt/6.7.1/msvc2019_64/lib/cmake/Qt6CoreTools/Qt6CoreToolsConfigVersion.cmake",
		"C:/Qt/6.7.1/msvc2019_64/lib/cmake/Qt6CoreTools/Qt6CoreToolsConfigVersionImpl.cmake",
		"C:/Qt/6.7.1/msvc2019_64/lib/cmake/Qt6CoreTools/Qt6CoreToolsConfig.cmake",
		"C:/Qt/Tools/CMake_64/share/cmake-3.29/Modules/CMakeFindDependencyMacro.cmake",
		"C:/Qt/6.7.1/msvc2019_64/lib/cmake/Qt6CoreTools/Qt6CoreToolsDependencies.cmake",
		"C:/Qt/6.7.1/msvc2019_64/lib/cmake/Qt6CoreTools/Qt6CoreToolsTargets.cmake",
		"C:/Qt/6.7.1/msvc2019_64/lib/cmake/Qt6CoreTools/Qt6CoreToolsTargets-debug.cmake",
		"C:/Qt/6.7.1/msvc2019_64/lib/cmake/Qt6CoreTools/Qt6CoreToolsTargets-relwithdebinfo.cmake",
		"C:/Qt/6.7.1/msvc2019_64/lib/cmake/Qt6CoreTools/Qt6CoreToolsAdditionalTargetInfo.cmake",
		"C:/Qt/6.7.1/msvc2019_64/lib/cmake/Qt6CoreTools/Qt6CoreToolsVersionlessTargets.cmake",
		"C:/Qt/6.7.1/msvc2019_64/lib/cmake/Qt6ZlibPrivate/Qt6ZlibPrivateConfigVersion.cmake",
		"C:/Qt/6.7.1/msvc2019_64/lib/cmake/Qt6ZlibPrivate/Qt6ZlibPrivateConfigVersionImpl.cmake",
		"C:/Qt/6.7.1/msvc2019_64/lib/cmake/Qt6ZlibPrivate/Qt6ZlibPrivateConfig.cmake",
		"C:/Qt/Tools/CMake_64/share/cmake-3.29/Modules/CMakeFindDependencyMacro.cmake",
		"C:/Qt/6.7.1/msvc2019_64/lib/cmake/Qt6ZlibPrivate/Qt6ZlibPrivateTargets.cmake",
		"C:/Qt/6.7.1/msvc2019_64/lib/cmake/Qt6ZlibPrivate/Qt6ZlibPrivateAdditionalTargetInfo.cmake",
		"C:/Qt/6.7.1/msvc2019_64/lib/cmake/Qt6ZlibPrivate/Qt6ZlibPrivateVersionlessTargets.cmake",
		"C:/Qt/6.7.1/msvc2019_64/lib/cmake/Qt6EntryPointPrivate/Qt6EntryPointPrivateConfigVersion.cmake",
		"C:/Qt/6.7.1/msvc2019_64/lib/cmake/Qt6EntryPointPrivate/Qt6EntryPointPrivateConfigVersionImpl.cmake",
		"C:/Qt/6.7.1/msvc2019_64/lib/cmake/Qt6EntryPointPrivate/Qt6EntryPointPrivateConfig.cmake",
		"C:/Qt/Tools/CMake_64/share/cmake-3.29/Modules/CMakeFindDependencyMacro.cmake",
		"C:/Qt/6.7.1/msvc2019_64/lib/cmake/Qt6EntryPointPrivate/Qt6EntryPointPrivateTargets.cmake",
		"C:/Qt/6.7.1/msvc2019_64/lib/cmake/Qt6EntryPointPrivate/Qt6EntryPointPrivateTargets-debug.cmake",
		"C:/Qt/6.7.1/msvc2019_64/lib/cmake/Qt6EntryPointPrivate/Qt6EntryPointPrivateTargets-relwithdebinfo.cmake",
		"C:/Qt/6.7.1/msvc2019_64/lib/cmake/Qt6EntryPointPrivate/Qt6EntryPointPrivateAdditionalTargetInfo.cmake",
		"C:/Qt/6.7.1/msvc2019_64/lib/cmake/Qt6EntryPointPrivate/Qt6EntryPointPrivateVersionlessTargets.cmake",
		"C:/Qt/6.7.1/msvc2019_64/lib/cmake/Qt6Core/Qt6CoreTargets.cmake",
		"C:/Qt/6.7.1/msvc2019_64/lib/cmake/Qt6Core/Qt6CoreTargets-debug.cmake",
		"C:/Qt/6.7.1/msvc2019_64/lib/cmake/Qt6Core/Qt6CoreTargets-relwithdebinfo.cmake",
		"C:/Qt/6.7.1/msvc2019_64/lib/cmake/Qt6Core/Qt6CoreAdditionalTargetInfo.cmake",
		"C:/Qt/6.7.1/msvc2019_64/lib/cmake/Qt6Core/Qt6CoreVersionlessTargets.cmake",
		"C:/Qt/6.7.1/msvc2019_64/lib/cmake/Qt6Core/Qt6CoreMacros.cmake",
		"C:/Qt/6.7.1/msvc2019_64/lib/cmake/Qt6Core/Qt6CoreConfigExtras.cmake",
		"C:/Qt/6.7.1/msvc2019_64/lib/cmake/Qt6Core/QtInstallPaths.cmake",
		"C:/Qt/Tools/CMake_64/share/cmake-3.29/Modules/GNUInstallDirs.cmake",
		"C:/Qt/6.7.1/msvc2019_64/lib/cmake/Qt6Concurrent/Qt6ConcurrentConfigVersion.cmake",
		"C:/Qt/6.7.1/msvc2019_64/lib/cmake/Qt6Concurrent/Qt6ConcurrentConfigVersionImpl.cmake",
		"C:/Qt/6.7.1/msvc2019_64/lib/cmake/Qt6Concurrent/Qt6ConcurrentConfig.cmake",
		"C:/Qt/Tools/CMake_64/share/cmake-3.29/Modules/CMakeFindDependencyMacro.cmake",
		"C:/Qt/6.7.1/msvc2019_64/lib/cmake/Qt6Concurrent/Qt6ConcurrentDependencies.cmake",
		"C:/Qt/6.7.1/msvc2019_64/lib/cmake/Qt6Concurrent/Qt6ConcurrentTargets.cmake",
		"C:/Qt/6.7.1/msvc2019_64/lib/cmake/Qt6Concurrent/Qt6ConcurrentTargets-debug.cmake",
		"C:/Qt/6.7.1/msvc2019_64/lib/cmake/Qt6Concurrent/Qt6ConcurrentTargets-relwithdebinfo.cmake",
		"C:/Qt/6.7.1/msvc2019_64/lib/cmake/Qt6Concurrent/Qt6ConcurrentAdditionalTargetInfo.cmake",
		"C:/Qt/6.7.1/msvc2019_64/lib/cmake/Qt6Concurrent/Qt6ConcurrentVersionlessTargets.cmake",
		"C:/Qt/6.7.1/msvc2019_64/lib/cmake/Qt6/Qt6ConfigVersion.cmake",
		"C:/Qt/6.7.1/msvc2019_64/lib/cmake/Qt6/Qt6ConfigVersionImpl.cmake",
		"C:/Qt/6.7.1/msvc2019_64/lib/cmake/Qt6/Qt6Config.cmake",
		"C:/Qt/6.7.1/msvc2019_64/lib/cmake/Qt6/Qt6ConfigExtras.cmake",
		"C:/Qt/6.7.1/msvc2019_64/lib/cmake/Qt6/QtPublicCMakeVersionHelpers.cmake",
		"C:/Qt/6.7.1/msvc2019_64/lib/cmake/Qt6/Qt6Targets.cmake",
		"C:/Qt/6.7.1/msvc2019_64/lib/cmake/Qt6/Qt6VersionlessTargets.cmake",
		"C:/Qt/6.7.1/msvc2019_64/lib/cmake/Qt6/QtFeature.cmake",
		"C:/Qt/Tools/CMake_64/share/cmake-3.29/Modules/CheckCXXCompilerFlag.cmake",
		"C:/Qt/6.7.1/msvc2019_64/lib/cmake/Qt6/QtFeatureCommon.cmake",
		"C:/Qt/6.7.1/msvc2019_64/lib/cmake/Qt6/QtPublicAppleHelpers.cmake",
		"C:/Qt/6.7.1/msvc2019_64/lib/cmake/Qt6/QtPublicCMakeHelpers.cmake",
		"C:/Qt/6.7.1/msvc2019_64/lib/cmake/Qt6/QtPublicCMakeVersionHelpers.cmake",
		"C:/Qt/6.7.1/msvc2019_64/lib/cmake/Qt6/QtPublicDependencyHelpers.cmake",
		"C:/Qt/6.7.1/msvc2019_64/lib/cmake/Qt6/QtPublicExternalProjectHelpers.cmake",
		"C:/Qt/6.7.1/msvc2019_64/lib/cmake/Qt6/QtPublicFinalizerHelpers.cmake",
		"C:/Qt/6.7.1/msvc2019_64/lib/cmake/Qt6/QtPublicFindPackageHelpers.cmake",
		"C:/Qt/6.7.1/msvc2019_64/lib/cmake/Qt6/QtPublicPluginHelpers.cmake",
		"C:/Qt/6.7.1/msvc2019_64/lib/cmake/Qt6/QtPublicTargetHelpers.cmake",
		"C:/Qt/6.7.1/msvc2019_64/lib/cmake/Qt6/QtPublicTestHelpers.cmake",
		"C:/Qt/6.7.1/msvc2019_64/lib/cmake/Qt6/QtPublicToolHelpers.cmake",
		"C:/Qt/6.7.1/msvc2019_64/lib/cmake/Qt6/QtPublicWalkLibsHelpers.cmake",
		"C:/Qt/Tools/CMake_64/share/cmake-3.29/Modules/CMakeFindDependencyMacro.cmake",
		"C:/Qt/6.7.1/msvc2019_64/lib/cmake/Qt6/Qt6Dependencies.cmake",
		"C:/Qt/6.7.1/msvc2019_64/lib/cmake/Qt6Widgets/Qt6WidgetsConfigVersion.cmake",
		"C:/Qt/6.7.1/msvc2019_64/lib/cmake/Qt6Widgets/Qt6WidgetsConfigVersionImpl.cmake",
		"C:/Qt/6.7.1/msvc2019_64/lib/cmake/Qt6Widgets/Qt6WidgetsConfig.cmake",
		"C:/Qt/Tools/CMake_64/share/cmake-3.29/Modules/CMakeFindDependencyMacro.cmake",
		"C:/Qt/6.7.1/msvc2019_64/lib/cmake/Qt6Widgets/Qt6WidgetsDependencies.cmake",
		"C:/Qt/6.7.1/msvc2019_64/lib/cmake/Qt6WidgetsTools/Qt6WidgetsToolsConfigVersion.cmake",
		"C:/Qt/6.7.1/msvc2019_64/lib/cmake/Qt6WidgetsTools/Qt6WidgetsToolsConfigVersionImpl.cmake",
		"C:/Qt/6.7.1/msvc2019_64/lib/cmake/Qt6WidgetsTools/Qt6WidgetsToolsConfig.cmake",
		"C:/Qt/Tools/CMake_64/share/cmake-3.29/Modules/CMakeFindDependencyMacro.cmake",
		"C:/Qt/6.7.1/msvc2019_64/lib/cmake/Qt6WidgetsTools/Qt6WidgetsToolsDependencies.cmake",
		"C:/Qt/6.7.1/msvc2019_64/lib/cmake/Qt6GuiTools/Qt6GuiToolsConfigVersion.cmake",
		"C:/Qt/6.7.1/msvc2019_64/lib/cmake/Qt6GuiTools/Qt6GuiToolsConfigVersionImpl.cmake",
		"C:/Qt/6.7.1/msvc2019_64/lib/cmake/Qt6GuiTools/Qt6GuiToolsConfig.cmake",
		"C:/Qt/Tools/CMake_64/share/cmake-3.29/Modules/CMakeFindDependencyMacro.cmake",
		"C:/Qt/6.7.1/msvc2019_64/lib/cmake/Qt6GuiTools/Qt6GuiToolsDependencies.cmake",
		"C:/Qt/6.7.1/msvc2019_64/lib/cmake/Qt6GuiTools/Qt6GuiToolsTargets.cmake",
		"C:/Qt/6.7.1/msvc2019_64/lib/cmake/Qt6GuiTools/Qt6GuiToolsTargets-debug.cmake",
		"C:/Qt/6.7.1/msvc2019_64/lib/cmake/Qt6GuiTools/Qt6GuiToolsTargets-relwithdebinfo.cmake",
		"C:/Qt/6.7.1/msvc2019_64/lib/cmake/Qt6GuiTools/Qt6GuiToolsAdditionalTargetInfo.cmake",
		"C:/Qt/6.7.1/msvc2019_64/lib/cmake/Qt6GuiTools/Qt6GuiToolsVersionlessTargets.cmake",
		"C:/Qt/6.7.1/msvc2019_64/lib/cmake/Qt6WidgetsTools/Qt6WidgetsToolsTargets.cmake",
		"C:/Qt/6.7.1/msvc2019_64/lib/cmake/Qt6WidgetsTools/Qt6WidgetsToolsTargets-debug.cmake",
		"C:/Qt/6.7.1/msvc2019_64/lib/cmake/Qt6WidgetsTools/Qt6WidgetsToolsTargets-relwithdebinfo.cmake",
		"C:/Qt/6.7.1/msvc2019_64/lib/cmake/Qt6WidgetsTools/Qt6WidgetsToolsAdditionalTargetInfo.cmake",
		"C:/Qt/6.7.1/msvc2019_64/lib/cmake/Qt6WidgetsTools/Qt6WidgetsToolsVersionlessTargets.cmake",
		"C:/Qt/6.7.1/msvc2019_64/lib/cmake/Qt6Gui/Qt6GuiConfigVersion.cmake",
		"C:/Qt/6.7.1/msvc2019_64/lib/cmake/Qt6Gui/Qt6GuiConfigVersionImpl.cmake",
		"C:/Qt/6.7.1/msvc2019_64/lib/cmake/Qt6Gui/Qt6GuiConfig.cmake",
		"C:/Qt/Tools/CMake_64/share/cmake-3.29/Modules/CMakeFindDependencyMacro.cmake",
		"C:/Qt/6.7.1/msvc2019_64/lib/cmake/Qt6Gui/Qt6GuiDependencies.cmake",
		"C:/Qt/6.7.1/msvc2019_64/lib/cmake/Qt6/FindWrapVulkanHeaders.cmake",
		"C:/Qt/Tools/CMake_64/share/cmake-3.29/Modules/FindVulkan.cmake",
		"C:/Qt/Tools/CMake_64/share/cmake-3.29/Modules/FindPackageHandleStandardArgs.cmake",
		"C:/Qt/Tools/CMake_64/share/cmake-3.29/Modules/FindPackageMessage.cmake",
		"C:/Qt/Tools/CMake_64/share/cmake-3.29/Modules/FindPackageHandleStandardArgs.cmake",
		"C:/Qt/Tools/CMake_64/share/cmake-3.29/Modules/FindPackageMessage.cmake",
		"C:/Qt/6.7.1/msvc2019_64/lib/cmake/Qt6GuiTools/Qt6GuiToolsConfigVersion.cmake",
		"C:/Qt/6.7.1/msvc2019_64/lib/cmake/Qt6GuiTools/Qt6GuiToolsConfigVersionImpl.cmake",
		"C:/Qt/6.7.1/msvc2019_64/lib/cmake/Qt6GuiTools/Qt6GuiToolsConfig.cmake",
		"C:/Qt/Tools/CMake_64/share/cmake-3.29/Modules/CMakeFindDependencyMacro.cmake",
		"C:/Qt/6.7.1/msvc2019_64/lib/cmake/Qt6GuiTools/Qt6GuiToolsDependencies.cmake",
		"C:/Qt/6.7.1/msvc2019_64/lib/cmake/Qt6GuiTools/Qt6GuiToolsTargets.cmake",
		"C:/Qt/6.7.1/msvc2019_64/lib/cmake/Qt6GuiTools/Qt6GuiToolsAdditionalTargetInfo.cmake",
		"C:/Qt/6.7.1/msvc2019_64/lib/cmake/Qt6GuiTools/Qt6GuiToolsVersionlessTargets.cmake",
		"C:/Qt/6.7.1/msvc2019_64/lib/cmake/Qt6Gui/Qt6GuiTargets.cmake",
		"C:/Qt/6.7.1/msvc2019_64/lib/cmake/Qt6Gui/Qt6GuiTargets-debug.cmake",
		"C:/Qt/6.7.1/msvc2019_64/lib/cmake/Qt6Gui/Qt6GuiTargets-relwithdebinfo.cmake",
		"C:/Qt/6.7.1/msvc2019_64/lib/cmake/Qt6Gui/Qt6GuiAdditionalTargetInfo.cmake",
		"C:/Qt/6.7.1/msvc2019_64/lib/cmake/Qt6Gui/Qt6GuiVersionlessTargets.cmake",
		"C:/Qt/6.7.1/msvc2019_64/lib/cmake/Qt6Gui/Qt6GuiPlugins.cmake",
		"C:/Qt/6.7.1/msvc2019_64/lib/cmake/Qt6Gui/Qt6QGifPluginConfig.cmake",
		"C:/Qt/Tools/CMake_64/share/cmake-3.29/Modules/CMakeFindDependencyMacro.cmake",
		"C:/Qt/6.7.1/msvc2019_64/lib/cmake/Qt6Gui/Qt6QGifPluginTargets.cmake",
		"C:/Qt/6.7.1/msvc2019_64/lib/cmake/Qt6Gui/Qt6QGifPluginTargets-debug.cmake",
		"C:/Qt/6.7.1/msvc2019_64/lib/cmake/Qt6Gui/Qt6QGifPluginTargets-relwithdebinfo.cmake",
		"C:/Qt/6.7.1/msvc2019_64/lib/cmake/Qt6Gui/Qt6QGifPluginAdditionalTargetInfo.cmake",
		"C:/Qt/6.7.1/msvc2019_64/lib/cmake/Qt6Gui/Qt6QICNSPluginConfig.cmake",
		"C:/Qt/Tools/CMake_64/share/cmake-3.29/Modules/CMakeFindDependencyMacro.cmake",
		"C:/Qt/6.7.1/msvc2019_64/lib/cmake/Qt6Gui/Qt6QICNSPluginTargets.cmake",
		"C:/Qt/6.7.1/msvc2019_64/lib/cmake/Qt6Gui/Qt6QICNSPluginTargets-debug.cmake",
		"C:/Qt/6.7.1/msvc2019_64/lib/cmake/Qt6Gui/Qt6QICNSPluginTargets-relwithdebinfo.cmake",
		"C:/Qt/6.7.1/msvc2019_64/lib/cmake/Qt6Gui/Qt6QICNSPluginAdditionalTargetInfo.cmake",
		"C:/Qt/6.7.1/msvc2019_64/lib/cmake/Qt6Gui/Qt6QICOPluginConfig.cmake",
		"C:/Qt/Tools/CMake_64/share/cmake-3.29/Modules/CMakeFindDependencyMacro.cmake",
		"C:/Qt/6.7.1/msvc2019_64/lib/cmake/Qt6Gui/Qt6QICOPluginTargets.cmake",
		"C:/Qt/6.7.1/msvc2019_64/lib/cmake/Qt6Gui/Qt6QICOPluginTargets-debug.cmake",
		"C:/Qt/6.7.1/msvc2019_64/lib/cmake/Qt6Gui/Qt6QICOPluginTargets-relwithdebinfo.cmake",
		"C:/Qt/6.7.1/msvc2019_64/lib/cmake/Qt6Gui/Qt6QICOPluginAdditionalTargetInfo.cmake",
		"C:/Qt/6.7.1/msvc2019_64/lib/cmake/Qt6Gui/Qt6QInsightTrackerPluginConfig.cmake",
		"C:/Qt/Tools/CMake_64/share/cmake-3.29/Modules/CMakeFindDependencyMacro.cmake",
		"C:/Qt/6.7.1/msvc2019_64/lib/cmake/Qt6Gui/Qt6QInsightTrackerPluginTargets.cmake",
		"C:/Qt/6.7.1/msvc2019_64/lib/cmake/Qt6Gui/Qt6QInsightTrackerPluginTargets-debug.cmake",
		"C:/Qt/6.7.1/msvc2019_64/lib/cmake/Qt6Gui/Qt6QInsightTrackerPluginTargets-relwithdebinfo.cmake",
		"C:/Qt/6.7.1/msvc2019_64/lib/cmake/Qt6Gui/Qt6QInsightTrackerPluginAdditionalTargetInfo.cmake",
		"C:/Qt/6.7.1/msvc2019_64/lib/cmake/Qt6Gui/Qt6QJpegPluginConfig.cmake",
		"C:/Qt/Tools/CMake_64/share/cmake-3.29/Modules/CMakeFindDependencyMacro.cmake",
		"C:/Qt/6.7.1/msvc2019_64/lib/cmake/Qt6Gui/Qt6QJpegPluginTargets.cmake",
		"C:/Qt/6.7.1/msvc2019_64/lib/cmake/Qt6Gui/Qt6QJpegPluginTargets-debug.cmake",
		"C:/Qt/6.7.1/msvc2019_64/lib/cmake/Qt6Gui/Qt6QJpegPluginTargets-relwithdebinfo.cmake",
		"C:/Qt/6.7.1/msvc2019_64/lib/cmake/Qt6Gui/Qt6QJpegPluginAdditionalTargetInfo.cmake",
		"C:/Qt/6.7.1/msvc2019_64/lib/cmake/Qt6Gui/Qt6QMinimalIntegrationPluginConfig.cmake",
		"C:/Qt/Tools/CMake_64/share/cmake-3.29/Modules/CMakeFindDependencyMacro.cmake",
		"C:/Qt/6.7.1/msvc2019_64/lib/cmake/Qt6Gui/Qt6QMinimalIntegrationPluginTargets.cmake",
		"C:/Qt/6.7.1/msvc2019_64/lib/cmake/Qt6Gui/Qt6QMinimalIntegrationPluginTargets-debug.cmake",
		"C:/Qt/6.7.1/msvc2019_64/lib/cmake/Qt6Gui/Qt6QMinimalIntegrationPluginTargets-relwithdebinfo.cmake",
		"C:/Qt/6.7.1/msvc2019_64/lib/cmake/Qt6Gui/Qt6QMinimalIntegrationPluginAdditionalTargetInfo.cmake",
		"C:/Qt/6.7.1/msvc2019_64/lib/cmake/Qt6Gui/Qt6QOffscreenIntegrationPluginConfig.cmake",
		"C:/Qt/Tools/CMake_64/share/cmake-3.29/Modules/CMakeFindDependencyMacro.cmake",
		"C:/Qt/6.7.1/msvc2019_64/lib/cmake/Qt6Gui/Qt6QOffscreenIntegrationPluginTargets.cmake",
		"C:/Qt/6.7.1/msvc2019_64/lib/cmake/Qt6Gui/Qt6QOffscreenIntegrationPluginTargets-debug.cmake",
		"C:/Qt/6.7.1/msvc2019_64/lib/cmake/Qt6Gui/Qt6QOffscreenIntegrationPluginTargets-relwithdebinfo.cmake",
		"C:/Qt/6.7.1/msvc2019_64/lib/cmake/Qt6Gui/Qt6QOffscreenIntegrationPluginAdditionalTargetInfo.cmake",
		"C:/Qt/6.7.1/msvc2019_64/lib/cmake/Qt6Gui/Qt6QPdfPluginConfig.cmake",
		"C:/Qt/Tools/CMake_64/share/cmake-3.29/Modules/CMakeFindDependencyMacro.cmake",
		"C:/Qt/6.7.1/msvc2019_64/lib/cmake/Qt6Gui/Qt6QPdfPluginTargets.cmake",
		"C:/Qt/6.7.1/msvc2019_64/lib/cmake/Qt6Gui/Qt6QPdfPluginTargets-debug.cmake",
		"C:/Qt/6.7.1/msvc2019_64/lib/cmake/Qt6Gui/Qt6QPdfPluginTargets-relwithdebinfo.cmake",
		"C:/Qt/6.7.1/msvc2019_64/lib/cmake/Qt6Gui/Qt6QPdfPluginAdditionalTargetInfo.cmake",
		"C:/Qt/6.7.1/msvc2019_64/lib/cmake/Qt6Gui/Qt6QSvgIconPluginConfig.cmake",
		"C:/Qt/Tools/CMake_64/share/cmake-3.29/Modules/CMakeFindDependencyMacro.cmake",
		"C:/Qt/6.7.1/msvc2019_64/lib/cmake/Qt6Gui/Qt6QSvgIconPluginTargets.cmake",
		"C:/Qt/6.7.1/msvc2019_64/lib/cmake/Qt6Gui/Qt6QSvgIconPluginTargets-debug.cmake",
		"C:/Qt/6.7.1/msvc2019_64/lib/cmake/Qt6Gui/Qt6QSvgIconPluginTargets-relwithdebinfo.cmake",
		"C:/Qt/6.7.1/msvc2019_64/lib/cmake/Qt6Gui/Qt6QSvgIconPluginAdditionalTargetInfo.cmake",
		"C:/Qt/6.7.1/msvc2019_64/lib/cmake/Qt6Gui/Qt6QSvgPluginConfig.cmake",
		"C:/Qt/Tools/CMake_64/share/cmake-3.29/Modules/CMakeFindDependencyMacro.cmake",
		"C:/Qt/6.7.1/msvc2019_64/lib/cmake/Qt6Gui/Qt6QSvgPluginTargets.cmake",
		"C:/Qt/6.7.1/msvc2019_64/lib/cmake/Qt6Gui/Qt6QSvgPluginTargets-debug.cmake",
		"C:/Qt/6.7.1/msvc2019_64/lib/cmake/Qt6Gui/Qt6QSvgPluginTargets-relwithdebinfo.cmake",
		"C:/Qt/6.7.1/msvc2019_64/lib/cmake/Qt6Gui/Qt6QSvgPluginAdditionalTargetInfo.cmake",
		"C:/Qt/6.7.1/msvc2019_64/lib/cmake/Qt6Gui/Qt6QTgaPluginConfig.cmake",
		"C:/Qt/Tools/CMake_64/share/cmake-3.29/Modules/CMakeFindDependencyMacro.cmake",
		"C:/Qt/6.7.1/msvc2019_64/lib/cmake/Qt6Gui/Qt6QTgaPluginTargets.cmake",
		"C:/Qt/6.7.1/msvc2019_64/lib/cmake/Qt6Gui/Qt6QTgaPluginTargets-debug.cmake",
		"C:/Qt/6.7.1/msvc2019_64/lib/cmake/Qt6Gui/Qt6QTgaPluginTargets-relwithdebinfo.cmake",
		"C:/Qt/6.7.1/msvc2019_64/lib/cmake/Qt6Gui/Qt6QTgaPluginAdditionalTargetInfo.cmake",
		"C:/Qt/6.7.1/msvc2019_64/lib/cmake/Qt6Gui/Qt6QTiffPluginConfig.cmake",
		"C:/Qt/Tools/CMake_64/share/cmake-3.29/Modules/CMakeFindDependencyMacro.cmake",
		"C:/Qt/6.7.1/msvc2019_64/lib/cmake/Qt6Gui/Qt6QTiffPluginTargets.cmake",
		"C:/Qt/6.7.1/msvc2019_64/lib/cmake/Qt6Gui/Qt6QTiffPluginTargets-debug.cmake",
		"C:/Qt/6.7.1/msvc2019_64/lib/cmake/Qt6Gui/Qt6QTiffPluginTargets-relwithdebinfo.cmake",
		"C:/Qt/6.7.1/msvc2019_64/lib/cmake/Qt6Gui/Qt6QTiffPluginAdditionalTargetInfo.cmake",
		"C:/Qt/6.7.1/msvc2019_64/lib/cmake/Qt6Gui/Qt6QTuioTouchPluginConfig.cmake",
		"C:/Qt/Tools/CMake_64/share/cmake-3.29/Modules/CMakeFindDependencyMacro.cmake",
		"C:/Qt/6.7.1/msvc2019_64/lib/cmake/Qt6Gui/Qt6QTuioTouchPluginTargets.cmake",
		"C:/Qt/6.7.1/msvc2019_64/lib/cmake/Qt6Gui/Qt6QTuioTouchPluginTargets-debug.cmake",
		"C:/Qt/6.7.1/msvc2019_64/lib/cmake/Qt6Gui/Qt6QTuioTouchPluginTargets-relwithdebinfo.cmake",
		"C:/Qt/6.7.1/msvc2019_64/lib/cmake/Qt6Gui/Qt6QTuioTouchPluginAdditionalTargetInfo.cmake",
		"C:/Qt/6.7.1/msvc2019_64/lib/cmake/Qt6Gui/Qt6QVirtualKeyboardPluginConfig.cmake",
		"C:/Qt/Tools/CMake_64/share/cmake-3.29/Modules/CMakeFindDependencyMacro.cmake",
		"C:/Qt/6.7.1/msvc2019_64/lib/cmake/Qt6Gui/Qt6QVirtualKeyboardPluginTargets.cmake",
		"C:/Qt/6.7.1/msvc2019_64/lib/cmake/Qt6Gui/Qt6QVirtualKeyboardPluginTargets-debug.cmake",
		"C:/Qt/6.7.1/msvc2019_64/lib/cmake/Qt6Gui/Qt6QVirtualKeyboardPluginTargets-relwithdebinfo.cmake",
		"C:/Qt/6.7.1/msvc2019_64/lib/cmake/Qt6Gui/Qt6QVirtualKeyboardPluginAdditionalTargetInfo.cmake",
		"C:/Qt/6.7.1/msvc2019_64/lib/cmake/Qt6Gui/Qt6QWbmpPluginConfig.cmake",
		"C:/Qt/Tools/CMake_64/share/cmake-3.29/Modules/CMakeFindDependencyMacro.cmake",
		"C:/Qt/6.7.1/msvc2019_64/lib/cmake/Qt6Gui/Qt6QWbmpPluginTargets.cmake",
		"C:/Qt/6.7.1/msvc2019_64/lib/cmake/Qt6Gui/Qt6QWbmpPluginTargets-debug.cmake",
		"C:/Qt/6.7.1/msvc2019_64/lib/cmake/Qt6Gui/Qt6QWbmpPluginTargets-relwithdebinfo.cmake",
		"C:/Qt/6.7.1/msvc2019_64/lib/cmake/Qt6Gui/Qt6QWbmpPluginAdditionalTargetInfo.cmake",
		"C:/Qt/6.7.1/msvc2019_64/lib/cmake/Qt6Gui/Qt6QWebpPluginConfig.cmake",
		"C:/Qt/Tools/CMake_64/share/cmake-3.29/Modules/CMakeFindDependencyMacro.cmake",
		"C:/Qt/6.7.1/msvc2019_64/lib/cmake/Qt6Gui/Qt6QWebpPluginTargets.cmake",
		"C:/Qt/6.7.1/msvc2019_64/lib/cmake/Qt6Gui/Qt6QWebpPluginTargets-debug.cmake",
		"C:/Qt/6.7.1/msvc2019_64/lib/cmake/Qt6Gui/Qt6QWebpPluginTargets-relwithdebinfo.cmake",
		"C:/Qt/6.7.1/msvc2019_64/lib/cmake/Qt6Gui/Qt6QWebpPluginAdditionalTargetInfo.cmake",
		"C:/Qt/6.7.1/msvc2019_64/lib/cmake/Qt6Gui/Qt6QWindowsDirect2DIntegrationPluginConfig.cmake",
		"C:/Qt/Tools/CMake_64/share/cmake-3.29/Modules/CMakeFindDependencyMacro.cmake",
		"C:/Qt/6.7.1/msvc2019_64/lib/cmake/Qt6Gui/Qt6QWindowsDirect2DIntegrationPluginTargets.cmake",
		"C:/Qt/6.7.1/msvc2019_64/lib/cmake/Qt6Gui/Qt6QWindowsDirect2DIntegrationPluginTargets-debug.cmake",
		"C:/Qt/6.7.1/msvc2019_64/lib/cmake/Qt6Gui/Qt6QWindowsDirect2DIntegrationPluginTargets-relwithdebinfo.cmake",
		"C:/Qt/6.7.1/msvc2019_64/lib/cmake/Qt6Gui/Qt6QWindowsDirect2DIntegrationPluginAdditionalTargetInfo.cmake",
		"C:/Qt/6.7.1/msvc2019_64/lib/cmake/Qt6Gui/Qt6QWindowsIntegrationPluginConfig.cmake",
		"C:/Qt/Tools/CMake_64/share/cmake-3.29/Modules/CMakeFindDependencyMacro.cmake",
		"C:/Qt/6.7.1/msvc2019_64/lib/cmake/Qt6Gui/Qt6QWindowsIntegrationPluginTargets.cmake",
		"C:/Qt/6.7.1/msvc2019_64/lib/cmake/Qt6Gui/Qt6QWindowsIntegrationPluginTargets-debug.cmake",
		"C:/Qt/6.7.1/msvc2019_64/lib/cmake/Qt6Gui/Qt6QWindowsIntegrationPluginTargets-relwithdebinfo.cmake",
		"C:/Qt/6.7.1/msvc2019_64/lib/cmake/Qt6Gui/Qt6QWindowsIntegrationPluginAdditionalTargetInfo.cmake",
		"C:/Qt/6.7.1/msvc2019_64/lib/cmake/Qt6Widgets/Qt6WidgetsTargets.cmake",
		"C:/Qt/6.7.1/msvc2019_64/lib/cmake/Qt6Widgets/Qt6WidgetsTargets-debug.cmake",
		"C:/Qt/6.7.1/msvc2019_64/lib/cmake/Qt6Widgets/Qt6WidgetsTargets-relwithdebinfo.cmake",
		"C:/Qt/6.7.1/msvc2019_64/lib/cmake/Qt6Widgets/Qt6WidgetsAdditionalTargetInfo.cmake",
		"C:/Qt/6.7.1/msvc2019_64/lib/cmake/Qt6Widgets/Qt6WidgetsVersionlessTargets.cmake",
		"C:/Qt/6.7.1/msvc2019_64/lib/cmake/Qt6Widgets/Qt6WidgetsMacros.cmake",
		"C:/Qt/6.7.1/msvc2019_64/lib/cmake/Qt6Widgets/Qt6WidgetsPlugins.cmake",
		"C:/Qt/6.7.1/msvc2019_64/lib/cmake/Qt6Widgets/Qt6QModernWindowsStylePluginConfig.cmake",
		"C:/Qt/Tools/CMake_64/share/cmake-3.29/Modules/CMakeFindDependencyMacro.cmake",
		"C:/Qt/6.7.1/msvc2019_64/lib/cmake/Qt6Widgets/Qt6QModernWindowsStylePluginTargets.cmake",
		"C:/Qt/6.7.1/msvc2019_64/lib/cmake/Qt6Widgets/Qt6QModernWindowsStylePluginTargets-debug.cmake",
		"C:/Qt/6.7.1/msvc2019_64/lib/cmake/Qt6Widgets/Qt6QModernWindowsStylePluginTargets-relwithdebinfo.cmake",
		"C:/Qt/6.7.1/msvc2019_64/lib/cmake/Qt6Widgets/Qt6QModernWindowsStylePluginAdditionalTargetInfo.cmake",
		"C:/Qt/Tools/CMake_64/share/cmake-3.29/Modules/GNUInstallDirs.cmake",
		"C:/Users/adamj/OneDrive/Documents/QtProjects/CodeWizard/resources.qrc"
	],
	"CMAKE_SOURCE_DIR" : "C:/Users/adamj/OneDrive/Documents/QtProjects/CodeWizard",
	"CROSS_CONFIG" : false,
	"DEP_FILE" : "C:/Users/adamj/OneDrive/Documents/QtProjects/CodeWizard/build/Desktop_Qt_6_7_1_MSVC2019_64bit-Release/CodeWizard_autogen/deps",
	"DEP_FILE_RULE_NAME" : "CodeWizard_autogen/timestamp",
	"HEADERS" : 
	[
		[
			"C:/Users/adamj/OneDrive/Documents/QtProjects/CodeWizard/highlightdata.h",
			"MU",
			"EWIEGA46WW/moc_highlightdata.cpp",
			null
		],
		[
			"C:/Users/adamj/OneDrive/Documents/QtProjects/CodeWizard/language.h",
			"MU",
			"EWIEGA46WW/moc_language.cpp",
			null
		],
		[
			"C:/Users/adamj/OneDrive/Documents/QtProjects/CodeWizard/languageserverclient.h",
			"MU",
			"EWIEGA46WW/moc_languageserverclient.cpp",
			null
		],
		[
			"C:/Users/adamj/OneDrive/Documents/QtProjects/CodeWizard/mainwindow.h",
			"MU",
			"EWIEGA46WW/moc_mainwindow.cpp",
			null
		],
		[
			"C:/Users/adamj/OneDrive/Documents/QtProjects/CodeWizard/mytextedit.h",
			"MU",
			"EWIEGA46WW/moc_mytextedit.cpp",
			null
		],
		[
			"C:/Users/adamj/OneDrive/Documents/QtProjects/CodeWizard/syntaxhighlighter.h",
			"MU",
			"EWIEGA46WW/moc_syntaxhighlighter.cpp",
			null
		]
	],
	"HEADER_EXTENSIONS" : [ "h", "hh", "h++", "hm", "hpp", "hxx", "in", "txx" ],
	"INCLUDE_DIR" : "C:/Users/adamj/OneDrive/Documents/QtProjects/CodeWizard/build/Desktop_Qt_6_7_1_MSVC2019_64bit-Release/CodeWizard_autogen/include",
	"MOC_COMPILATION_FILE" : "C:/Users/adamj/OneDrive/Documents/QtProjects/CodeWizard/build/Desktop_Qt_6_7_1_MSVC2019_64bit-Release/CodeWizard_autogen/mocs_compilation.cpp",
	"MOC_DEFINITIONS" : 
	[
		"QT_CORE_LIB",
		"QT_GUI_LIB",
		"QT_NO_DEBUG",
		"QT_WIDGETS_LIB",
		"TREE_SITTER_STATIC",
		"UNICODE",
		"WIN32",
		"WIN64",
		"_ENABLE_EXTENDED_ALIGNED_STORAGE",
		"_UNICODE",
		"_WIN64"
	],
	"MOC_DEPEND_FILTERS" : 
	[
		[
			"Q_PLUGIN_METADATA",
			"[\n][ \t]*Q_PLUGIN_METADATA[ \t]*\\([^\\)]*FILE[ \t]*\"([^\"]+)\""
		]
	],
	"MOC_INCLUDES" : 
	[
		"C:/Users/adamj/OneDrive/Documents/QtProjects/CodeWizard/external/tree-sitter",
		"C:/Users/adamj/OneDrive/Documents/QtProjects/CodeWizard/extern/tree-sitter/lib/include",
		"C:/Users/adamj/OneDrive/Documents/QtProjects/CodeWizard/extern/tree-sitter-parsers/tree-sitter-cpp/src",
		"C:/Users/adamj/OneDrive/Documents/QtProjects/CodeWizard/extern/tree-sitter-parsers/tree-sitter-python/src",
		"C:/Users/adamj/OneDrive/Documents/QtProjects/CodeWizard/extern/tree-sitter-parsers/tree-sitter-rust/src",
		"C:/Users/adamj/OneDrive/Documents/QtProjects/CodeWizard/extern/tree-sitter-parsers/tree-sitter-javascript/src",
		"C:/Users/adamj/OneDrive/Documents/QtProjects/CodeWizard/extern/tree-sitter-parsers/tree-sitter-typescript/typescript/src",
		"C:/Users/adamj/OneDrive/Documents/QtProjects/CodeWizard/extern/tree-sitter-parsers/tree-sitter-html/src",
		"C:/Users/adamj/OneDrive/Documents/QtProjects/CodeWizard/extern/tree-sitter-parsers/tree-sitter-lua/src",
		"C:/Users/adamj/OneDrive/Documents/QtProjects/CodeWizard/extern/tree-sitter-parsers/tree-sitter-glsl/src",
		"C:/Users/adamj/OneDrive/Documents/QtProjects/CodeWizard/extern/tree-sitter-parsers/tree-sitter-wgsl/src",
		"C:/Users/adamj/OneDrive/Documents/QtProjects/CodeWizard/extern/tree-sitter-parsers/tree-sitter-java/src",
		"C:/Users/adamj/OneDrive/Documents/QtProjects/CodeWizard/extern/tree-sitter-parsers/tree-sitter-go/src",
		"C:/Users/adamj/OneDrive/Documents/QtProjects/CodeWizard/extern/tree-sitter-parsers/tree-sitter-c/src",
		"C:/Users/adamj/OneDrive/Documents/QtProjects/CodeWizard/extern/tree-sitter-parsers/tree-sitter-c-sharp/src",
		"C:/Qt/6.7.1/msvc2019_64/include/QtCore",
		"C:/Qt/6.7.1/msvc2019_64/include",
		"C:/Qt/6.7.1/msvc2019_64/mkspecs/win32-msvc",
		"C:/Qt/6.7.1/msvc2019_64/include/QtWidgets",
		"C:/Qt/6.7.1/msvc2019_64/include/QtGui"
	],
	"MOC_MACRO_NAMES" : 
	[
		"Q_OBJECT",
		"Q_GADGET",
		"Q_NAMESPACE",
		"Q_NAMESPACE_EXPORT",
		"Q_GADGET_EXPORT",
		"Q_ENUM_NS"
	],
	"MOC_OPTIONS" : [],
	"MOC_PATH_PREFIX" : false,
	"MOC_PREDEFS_CMD" : [],
	"MOC_PREDEFS_FILE" : "",
	"MOC_RELAXED_MODE" : false,
	"MOC_SKIP" : 
	[
		"C:/Users/adamj/OneDrive/Documents/QtProjects/CodeWizard/build/Desktop_Qt_6_7_1_MSVC2019_64bit-Release/tree-sitter-c-sharp_autogen/include/ui_mainwindow.h",
		"C:/Users/adamj/OneDrive/Documents/QtProjects/CodeWizard/build/Desktop_Qt_6_7_1_MSVC2019_64bit-Release/tree-sitter-c_autogen/include/ui_mainwindow.h",
		"C:/Users/adamj/OneDrive/Documents/QtProjects/CodeWizard/build/Desktop_Qt_6_7_1_MSVC2019_64bit-Release/tree-sitter-cpp_autogen/include/ui_mainwindow.h",
		"C:/Users/adamj/OneDrive/Documents/QtProjects/CodeWizard/build/Desktop_Qt_6_7_1_MSVC2019_64bit-Release/tree-sitter-glsl_autogen/include/ui_mainwindow.h",
		"C:/Users/adamj/OneDrive/Documents/QtProjects/CodeWizard/build/Desktop_Qt_6_7_1_MSVC2019_64bit-Release/tree-sitter-go_autogen/include/ui_mainwindow.h",
		"C:/Users/adamj/OneDrive/Documents/QtProjects/CodeWizard/build/Desktop_Qt_6_7_1_MSVC2019_64bit-Release/tree-sitter-html_autogen/include/ui_mainwindow.h",
		"C:/Users/adamj/OneDrive/Documents/QtProjects/CodeWizard/build/Desktop_Qt_6_7_1_MSVC2019_64bit-Release/tree-sitter-java_autogen/include/ui_mainwindow.h",
		"C:/Users/adamj/OneDrive/Documents/QtProjects/CodeWizard/build/Desktop_Qt_6_7_1_MSVC2019_64bit-Release/tree-sitter-javascript_autogen/include/ui_mainwindow.h",
		"C:/Users/adamj/OneDrive/Documents/QtProjects/CodeWizard/build/Desktop_Qt_6_7_1_MSVC2019_64bit-Release/tree-sitter-lua_autogen/include/ui_mainwindow.h",
		"C:/Users/adamj/OneDrive/Documents/QtProjects/CodeWizard/build/Desktop_Qt_6_7_1_MSVC2019_64bit-Release/tree-sitter-python_autogen/include/ui_mainwindow.h",
		"C:/Users/adamj/OneDrive/Documents/QtProjects/CodeWizard/build/Desktop_Qt_6_7_1_MSVC2019_64bit-Release/tree-sitter-rust_autogen/include/ui_mainwindow.h",
		"C:/Users/adamj/OneDrive/Documents/QtProjects/CodeWizard/build/Desktop_Qt_6_7_1_MSVC2019_64bit-Release/tree-sitter-typescript_autogen/include/ui_mainwindow.h",
		"C:/Users/adamj/OneDrive/Documents/QtProjects/CodeWizard/build/Desktop_Qt_6_7_1_MSVC2019_64bit-Release/tree-sitter-wgsl_autogen/include/ui_mainwindow.h"
	],
	"MULTI_CONFIG" : false,
	"PARALLEL" : 12,
	"PARSE_CACHE_FILE" : "C:/Users/adamj/OneDrive/Documents/QtProjects/CodeWizard/build/Desktop_Qt_6_7_1_MSVC2019_64bit-Release/CMakeFiles/CodeWizard_autogen.dir/ParseCache.txt",
	"QT_MOC_EXECUTABLE" : "C:/Qt/6.7.1/msvc2019_64/./bin/moc.exe",
	"QT_UIC_EXECUTABLE" : "C:/Qt/6.7.1/msvc2019_64/./bin/uic.exe",
	"QT_VERSION_MAJOR" : 6,
	"QT_VERSION_MINOR" : 7,
	"SETTINGS_FILE" : "C:/Users/adamj/OneDrive/Documents/QtProjects/CodeWizard/build/Desktop_Qt_6_7_1_MSVC2019_64bit-Release/CMakeFiles/CodeWizard_autogen.dir/AutogenUsed.txt",
	"SOURCES" : 
	[
		[
			"C:/Users/adamj/OneDrive/Documents/QtProjects/CodeWizard/highlightdata.cpp",
			"MU",
			null
		],
		[
			"C:/Users/adamj/OneDrive/Documents/QtProjects/CodeWizard/language.cpp",
			"MU",
			null
		],
		[
			"C:/Users/adamj/OneDrive/Documents/QtProjects/CodeWizard/languageserverclient.cpp",
			"MU",
			null
		],
		[
			"C:/Users/adamj/OneDrive/Documents/QtProjects/CodeWizard/main.cpp",
			"MU",
			null
		],
		[
			"C:/Users/adamj/OneDrive/Documents/QtProjects/CodeWizard/mainwindow.cpp",
			"MU",
			null
		],
		[
			"C:/Users/adamj/OneDrive/Documents/QtProjects/CodeWizard/mytextedit.cpp",
			"MU",
			null
		],
		[
			"C:/Users/adamj/OneDrive/Documents/QtProjects/CodeWizard/syntaxhighlighter.cpp",
			"MU",
			null
		]
	],
	"UIC_OPTIONS" : [],
	"UIC_SEARCH_PATHS" : [],
	"UIC_SKIP" : 
	[
		"C:/Users/adamj/OneDrive/Documents/QtProjects/CodeWizard/build/Desktop_Qt_6_7_1_MSVC2019_64bit-Release/tree-sitter-c-sharp_autogen/include/ui_mainwindow.h",
		"C:/Users/adamj/OneDrive/Documents/QtProjects/CodeWizard/build/Desktop_Qt_6_7_1_MSVC2019_64bit-Release/tree-sitter-c_autogen/include/ui_mainwindow.h",
		"C:/Users/adamj/OneDrive/Documents/QtProjects/CodeWizard/build/Desktop_Qt_6_7_1_MSVC2019_64bit-Release/tree-sitter-cpp_autogen/include/ui_mainwindow.h",
		"C:/Users/adamj/OneDrive/Documents/QtProjects/CodeWizard/build/Desktop_Qt_6_7_1_MSVC2019_64bit-Release/tree-sitter-glsl_autogen/include/ui_mainwindow.h",
		"C:/Users/adamj/OneDrive/Documents/QtProjects/CodeWizard/build/Desktop_Qt_6_7_1_MSVC2019_64bit-Release/tree-sitter-go_autogen/include/ui_mainwindow.h",
		"C:/Users/adamj/OneDrive/Documents/QtProjects/CodeWizard/build/Desktop_Qt_6_7_1_MSVC2019_64bit-Release/tree-sitter-html_autogen/include/ui_mainwindow.h",
		"C:/Users/adamj/OneDrive/Documents/QtProjects/CodeWizard/build/Desktop_Qt_6_7_1_MSVC2019_64bit-Release/tree-sitter-java_autogen/include/ui_mainwindow.h",
		"C:/Users/adamj/OneDrive/Documents/QtProjects/CodeWizard/build/Desktop_Qt_6_7_1_MSVC2019_64bit-Release/tree-sitter-javascript_autogen/include/ui_mainwindow.h",
		"C:/Users/adamj/OneDrive/Documents/QtProjects/CodeWizard/build/Desktop_Qt_6_7_1_MSVC2019_64bit-Release/tree-sitter-lua_autogen/include/ui_mainwindow.h",
		"C:/Users/adamj/OneDrive/Documents/QtProjects/CodeWizard/build/Desktop_Qt_6_7_1_MSVC2019_64bit-Release/tree-sitter-python_autogen/include/ui_mainwindow.h",
		"C:/Users/adamj/OneDrive/Documents/QtProjects/CodeWizard/build/Desktop_Qt_6_7_1_MSVC2019_64bit-Release/tree-sitter-rust_autogen/include/ui_mainwindow.h",
		"C:/Users/adamj/OneDrive/Documents/QtProjects/CodeWizard/build/Desktop_Qt_6_7_1_MSVC2019_64bit-Release/tree-sitter-typescript_autogen/include/ui_mainwindow.h",
		"C:/Users/adamj/OneDrive/Documents/QtProjects/CodeWizard/build/Desktop_Qt_6_7_1_MSVC2019_64bit-Release/tree-sitter-wgsl_autogen/include/ui_mainwindow.h"
	],
	"UIC_UI_FILES" : [],
	"USE_BETTER_GRAPH" : false,
	"VERBOSITY" : 0
}
